"SUID","BEND_MAP_ID","cluster1_Adj_cyto.csv","EdgeBetweenness","inter","interaction","name","selected","shared interaction","shared name"
"1189","1189","-1.4183581890316699","1.61172161","-1","interacts with","RV (interacts with) PIV3","false","interacts with","RV (interacts with) PIV3"
"1190","1190","-0.16849742695013797","1.87834429","-1","interacts with","RV (interacts with) Saccharomyces","false","interacts with","RV (interacts with) Saccharomyces"
"1191","1191","2.78500464354568","1.81197224","1","interacts with","RV (interacts with) Candida","false","interacts with","RV (interacts with) Candida"
"1192","1192","-1.08258460067889","1.64313187","-1","interacts with","RV (interacts with) Aspergillus","false","interacts with","RV (interacts with) Aspergillus"
"1193","1193","5.38311119777423","1.66727717","1","interacts with","RV (interacts with) Klebsiella","false","interacts with","RV (interacts with) Klebsiella"
"1194","1194","0.8460573716977321","1.76435319","1","interacts with","RV (interacts with) Streptococcus","false","interacts with","RV (interacts with) Streptococcus"
"1195","1195","-1.09401359764588","1.75934066","-1","interacts with","RV (interacts with) Rothia","false","interacts with","RV (interacts with) Rothia"
"1196","1196","0.7312043765499342","1.69729853","1","interacts with","RV (interacts with) Prevotella","false","interacts with","RV (interacts with) Prevotella"
"1197","1197","-1.3447218235220502","1.83304514","-1","interacts with","RV (interacts with) Porphyromonas","false","interacts with","RV (interacts with) Porphyromonas"
"1198","1198","-2.28649516640307","1.76727717","-1","interacts with","RV (interacts with) Haemophilus","false","interacts with","RV (interacts with) Haemophilus"
"1199","1199","-1.89453383725134","1.72685319","-1","interacts with","RV (interacts with) Gemella","false","interacts with","RV (interacts with) Gemella"
"1200","1200","-1.4370435263266","1.82283272","-1","interacts with","RV (interacts with) Fusobacterium","false","interacts with","RV (interacts with) Fusobacterium"
"1201","1201","1.7245125065229898","1.62838828","1","interacts with","RV (interacts with) Actinomyces","false","interacts with","RV (interacts with) Actinomyces"
"1202","1202","10.0738966369667","1.78657541","1","interacts with","RV (interacts with) Actinobacillus","false","interacts with","RV (interacts with) Actinobacillus"
"1203","1203","-1.4183581890316699","1.61172161","-1","interacts with","PIV3 (interacts with) RV","false","interacts with","PIV3 (interacts with) RV"
"1204","1204","2.51991196509255","1.18942308","1","interacts with","PIV3 (interacts with) unidentified","false","interacts with","PIV3 (interacts with) unidentified"
"1205","1205","1.6917841442547898","1.36854575","1","interacts with","PIV3 (interacts with) Saccharomyces","false","interacts with","PIV3 (interacts with) Saccharomyces"
"1206","1206","-0.749977190079792","1.33382353","-1","interacts with","PIV3 (interacts with) Penicillium","false","interacts with","PIV3 (interacts with) Penicillium"
"1207","1207","-0.868589386196731","1.20192308","-1","interacts with","PIV3 (interacts with) Cryptococcus","false","interacts with","PIV3 (interacts with) Cryptococcus"
"1208","1208","21.707318174794","1.16275063","1","interacts with","PIV3 (interacts with) Candida","false","interacts with","PIV3 (interacts with) Candida"
"1209","1209","0.803248347654562","1.32083333","1","interacts with","PIV3 (interacts with) Aspergillus","false","interacts with","PIV3 (interacts with) Aspergillus"
"1210","1210","3.0591597387050005","1.13392857","1","interacts with","PIV3 (interacts with) Pseudomonas","false","interacts with","PIV3 (interacts with) Pseudomonas"
"1211","1211","11.154645111431101","1.31021242","1","interacts with","PIV3 (interacts with) Klebsiella","false","interacts with","PIV3 (interacts with) Klebsiella"
"1212","1212","0.571351098621661","1.26442308","1","interacts with","PIV3 (interacts with) Veillonella","false","interacts with","PIV3 (interacts with) Veillonella"
"1213","1213","8.49932976226507","1.11513158","1","interacts with","PIV3 (interacts with) Streptococcus","false","interacts with","PIV3 (interacts with) Streptococcus"
"1214","1214","-0.34270124621852505","1.11011905","-1","interacts with","PIV3 (interacts with) Rothia","false","interacts with","PIV3 (interacts with) Rothia"
"1215","1215","-1.20877098890764","1.175","-1","interacts with","PIV3 (interacts with) Prevotella","false","interacts with","PIV3 (interacts with) Prevotella"
"1216","1216","0.12117367213577698","1.18382353","1","interacts with","PIV3 (interacts with) Porphyromonas","false","interacts with","PIV3 (interacts with) Porphyromonas"
"1217","1217","2.3536825714987","1.13392857","1","interacts with","PIV3 (interacts with) Neisseria","false","interacts with","PIV3 (interacts with) Neisseria"
"1218","1218","0.806969149056537","1.13392857","1","interacts with","PIV3 (interacts with) Leptotrichia","false","interacts with","PIV3 (interacts with) Leptotrichia"
"1219","1219","4.04193628093119","1.11805556","1","interacts with","PIV3 (interacts with) Haemophilus","false","interacts with","PIV3 (interacts with) Haemophilus"
"1220","1220","-0.248480274761022","1.27132353","-1","interacts with","PIV3 (interacts with) Granulicatella","false","interacts with","PIV3 (interacts with) Granulicatella"
"1221","1221","0.7593948379756351","1.11513158","1","interacts with","PIV3 (interacts with) Gemella","false","interacts with","PIV3 (interacts with) Gemella"
"1222","1222","0.6058141204071171","1.17361111","1","interacts with","PIV3 (interacts with) Fusobacterium","false","interacts with","PIV3 (interacts with) Fusobacterium"
"1223","1223","-2.31601940996436","1.12132353","-1","interacts with","PIV3 (interacts with) Actinomyces","false","interacts with","PIV3 (interacts with) Actinomyces"
"1224","1224","-0.229040705745871","1.1748538","-1","interacts with","PIV3 (interacts with) Actinobacillus","false","interacts with","PIV3 (interacts with) Actinobacillus"
"1225","1225","2.51991196509255","1.18942308","1","interacts with","unidentified (interacts with) PIV3","false","interacts with","unidentified (interacts with) PIV3"
"1226","1226","-2.8747397860117903","1.43296883","-1","interacts with","unidentified (interacts with) Saccharomyces","false","interacts with","unidentified (interacts with) Saccharomyces"
"1227","1227","10.9840705953038","1.37741327","1","interacts with","unidentified (interacts with) Penicillium","false","interacts with","unidentified (interacts with) Penicillium"
"1228","1228","-0.107719872551862","1.1125","-1","interacts with","unidentified (interacts with) Cryptococcus","false","interacts with","unidentified (interacts with) Cryptococcus"
"1229","1229","0.43432889537328706","1.2271737","1","interacts with","unidentified (interacts with) Candida","false","interacts with","unidentified (interacts with) Candida"
"1230","1230","4.28188127412137","1.41858974","1","interacts with","unidentified (interacts with) Aspergillus","false","interacts with","unidentified (interacts with) Aspergillus"
"1231","1231","0.44414372734688495","1.05","1","interacts with","unidentified (interacts with) Pseudomonas","false","interacts with","unidentified (interacts with) Pseudomonas"
"1232","1232","0.689751904371178","1.48777473","1","interacts with","unidentified (interacts with) Moraxella","false","interacts with","unidentified (interacts with) Moraxella"
"1233","1233","3.7041092341697","1.3746355","1","interacts with","unidentified (interacts with) Klebsiella","false","interacts with","unidentified (interacts with) Klebsiella"
"1234","1234","5.020299379775911","1.175","1","interacts with","unidentified (interacts with) Veillonella","false","interacts with","unidentified (interacts with) Veillonella"
"1235","1235","4.097815388340109","1.17955466","1","interacts with","unidentified (interacts with) Streptococcus","false","interacts with","unidentified (interacts with) Streptococcus"
"1236","1236","9.45282110968891","1.17454212","1","interacts with","unidentified (interacts with) Rothia","false","interacts with","unidentified (interacts with) Rothia"
"1237","1237","6.46937028337322","1.24824661","1","interacts with","unidentified (interacts with) Porphyromonas","false","interacts with","unidentified (interacts with) Porphyromonas"
"1238","1238","7.07980812105617","1.05","1","interacts with","unidentified (interacts with) Neisseria","false","interacts with","unidentified (interacts with) Neisseria"
"1239","1239","45.5246367720115","1.05","1","interacts with","unidentified (interacts with) Leptotrichia","false","interacts with","unidentified (interacts with) Leptotrichia"
"1240","1240","5.15238947590495","1.18247863","1","interacts with","unidentified (interacts with) Haemophilus","false","interacts with","unidentified (interacts with) Haemophilus"
"1241","1241","3.76834239315291","1.30465686","1","interacts with","unidentified (interacts with) Granulicatella","false","interacts with","unidentified (interacts with) Granulicatella"
"1242","1242","3.4584252427838997","1.31348323","1","interacts with","unidentified (interacts with) Gemella","false","interacts with","unidentified (interacts with) Gemella"
"1243","1243","4.15436136180426","1.23803419","1","interacts with","unidentified (interacts with) Fusobacterium","false","interacts with","unidentified (interacts with) Fusobacterium"
"1244","1244","4.2834494975051305","1.18574661","1","interacts with","unidentified (interacts with) Actinomyces","false","interacts with","unidentified (interacts with) Actinomyces"
"1245","1245","1.99217072468754","1.37869996","1","interacts with","unidentified (interacts with) Actinobacillus","false","interacts with","unidentified (interacts with) Actinobacillus"
"1246","1246","-0.16849742695013797","1.87834429","-1","interacts with","Saccharomyces (interacts with) RV","false","interacts with","Saccharomyces (interacts with) RV"
"1247","1247","1.6917841442547898","1.36854575","1","interacts with","Saccharomyces (interacts with) PIV3","false","interacts with","Saccharomyces (interacts with) PIV3"
"1248","1248","2.7406491737041003","1.43296883","1","interacts with","Saccharomyces (interacts with) unidentified","false","interacts with","Saccharomyces (interacts with) unidentified"
"1249","1249","2.59116655373523","1.59179236","1","interacts with","Saccharomyces (interacts with) Penicillium","false","interacts with","Saccharomyces (interacts with) Penicillium"
"1250","1250","1.86729370796408","1.44546883","1","interacts with","Saccharomyces (interacts with) Cryptococcus","false","interacts with","Saccharomyces (interacts with) Cryptococcus"
"1251","1251","5.325385052838611","1.2911648","1","interacts with","Saccharomyces (interacts with) Candida","false","interacts with","Saccharomyces (interacts with) Candida"
"1252","1252","2.1909356664419","1.58888889","1","interacts with","Saccharomyces (interacts with) Aspergillus","false","interacts with","Saccharomyces (interacts with) Aspergillus"
"1253","1253","0.34683937092187606","1.37747432","1","interacts with","Saccharomyces (interacts with) Pseudomonas","false","interacts with","Saccharomyces (interacts with) Pseudomonas"
"1254","1254","0.162479422354719","1.56630216","1","interacts with","Saccharomyces (interacts with) Moraxella","false","interacts with","Saccharomyces (interacts with) Moraxella"
"1255","1255","-0.49916704796880795","1.55375817","-1","interacts with","Saccharomyces (interacts with) Klebsiella","false","interacts with","Saccharomyces (interacts with) Klebsiella"
"1256","1256","1.68343822880781","1.23937908","1","interacts with","Saccharomyces (interacts with) Streptococcus","false","interacts with","Saccharomyces (interacts with) Streptococcus"
"1257","1257","5.23892879982257","1.3536648","1","interacts with","Saccharomyces (interacts with) Rothia","false","interacts with","Saccharomyces (interacts with) Rothia"
"1258","1258","1.17047242021308","1.41854575","1","interacts with","Saccharomyces (interacts with) Prevotella","false","interacts with","Saccharomyces (interacts with) Prevotella"
"1259","1259","4.80090181371118","1.37747432","1","interacts with","Saccharomyces (interacts with) Neisseria","false","interacts with","Saccharomyces (interacts with) Neisseria"
"1260","1260","4.38351727892281","1.37747432","1","interacts with","Saccharomyces (interacts with) Leptotrichia","false","interacts with","Saccharomyces (interacts with) Leptotrichia"
"1261","1261","1.47350768084547","1.64403595","1","interacts with","Saccharomyces (interacts with) Granulicatella","false","interacts with","Saccharomyces (interacts with) Granulicatella"
"1262","1262","2.8634208953999103","1.29493464","1","interacts with","Saccharomyces (interacts with) Fusobacterium","false","interacts with","Saccharomyces (interacts with) Fusobacterium"
"1263","1263","5.47736879150253","1.36486928","1","interacts with","Saccharomyces (interacts with) Actinomyces","false","interacts with","Saccharomyces (interacts with) Actinomyces"
"1264","1264","-0.749977190079792","1.33382353","-1","interacts with","Penicillium (interacts with) PIV3","false","interacts with","Penicillium (interacts with) PIV3"
"1265","1265","10.9840705953038","1.37741327","1","interacts with","Penicillium (interacts with) unidentified","false","interacts with","Penicillium (interacts with) unidentified"
"1266","1266","2.59116655373523","1.59179236","1","interacts with","Penicillium (interacts with) Saccharomyces","false","interacts with","Penicillium (interacts with) Saccharomyces"
"1267","1267","3.75687407744924","1.38991327","1","interacts with","Penicillium (interacts with) Cryptococcus","false","interacts with","Penicillium (interacts with) Cryptococcus"
"1268","1268","-5.5229103449229004","1.51099723","-1","interacts with","Penicillium (interacts with) Candida","false","interacts with","Penicillium (interacts with) Candida"
"1269","1269","8.43623577030343","1.39215686","1","interacts with","Penicillium (interacts with) Aspergillus","false","interacts with","Penicillium (interacts with) Aspergillus"
"1270","1270","1.6412752439432499","1.32741327","1","interacts with","Penicillium (interacts with) Pseudomonas","false","interacts with","Penicillium (interacts with) Pseudomonas"
"1271","1271","0.6501982534803361","1.46337819","1","interacts with","Penicillium (interacts with) Streptococcus","false","interacts with","Penicillium (interacts with) Streptococcus"
"1272","1272","1.5968151949570502","1.45836565","1","interacts with","Penicillium (interacts with) Rothia","false","interacts with","Penicillium (interacts with) Rothia"
"1273","1273","-0.999355438694022","1.52324661","-1","interacts with","Penicillium (interacts with) Prevotella","false","interacts with","Penicillium (interacts with) Prevotella"
"1274","1274","-0.182837385221191","1.53207014","-1","interacts with","Penicillium (interacts with) Porphyromonas","false","interacts with","Penicillium (interacts with) Porphyromonas"
"1275","1275","0.835771850107464","1.32741327","1","interacts with","Penicillium (interacts with) Neisseria","false","interacts with","Penicillium (interacts with) Neisseria"
"1276","1276","0.8008100241940831","1.32741327","1","interacts with","Penicillium (interacts with) Leptotrichia","false","interacts with","Penicillium (interacts with) Leptotrichia"
"1277","1277","5.162944290024839","1.46630216","1","interacts with","Penicillium (interacts with) Haemophilus","false","interacts with","Penicillium (interacts with) Haemophilus"
"1278","1278","3.10802159367511","1.44895511","1","interacts with","Penicillium (interacts with) Gemella","false","interacts with","Penicillium (interacts with) Gemella"
"1279","1279","0.522308484862877","1.3996355","1","interacts with","Penicillium (interacts with) Fusobacterium","false","interacts with","Penicillium (interacts with) Fusobacterium"
"1280","1280","4.34330794737836","1.50867733","1","interacts with","Penicillium (interacts with) Actinobacillus","false","interacts with","Penicillium (interacts with) Actinobacillus"
"1281","1281","-0.868589386196731","1.20192308","-1","interacts with","Cryptococcus (interacts with) PIV3","false","interacts with","Cryptococcus (interacts with) PIV3"
"1282","1282","-0.107719872551862","1.1125","-1","interacts with","Cryptococcus (interacts with) unidentified","false","interacts with","Cryptococcus (interacts with) unidentified"
"1283","1283","1.86729370796408","1.44546883","1","interacts with","Cryptococcus (interacts with) Saccharomyces","false","interacts with","Cryptococcus (interacts with) Saccharomyces"
"1284","1284","3.75687407744924","1.38991327","1","interacts with","Cryptococcus (interacts with) Penicillium","false","interacts with","Cryptococcus (interacts with) Penicillium"
"1285","1285","-0.795466000991247","1.2396737","-1","interacts with","Cryptococcus (interacts with) Candida","false","interacts with","Cryptococcus (interacts with) Candida"
"1286","1286","-0.829074275375201","1.0625","-1","interacts with","Cryptococcus (interacts with) Pseudomonas","false","interacts with","Cryptococcus (interacts with) Pseudomonas"
"1287","1287","1.60314854400076","1.35444139","1","interacts with","Cryptococcus (interacts with) Moraxella","false","interacts with","Cryptococcus (interacts with) Moraxella"
"1288","1288","-1.85953494638113","1.25796883","-1","interacts with","Cryptococcus (interacts with) Klebsiella","false","interacts with","Cryptococcus (interacts with) Klebsiella"
"1289","1289","-0.902844844041982","1.1875","-1","interacts with","Cryptococcus (interacts with) Veillonella","false","interacts with","Cryptococcus (interacts with) Veillonella"
"1290","1290","0.9034708008988359","1.19205466","1","interacts with","Cryptococcus (interacts with) Streptococcus","false","interacts with","Cryptococcus (interacts with) Streptococcus"
"1291","1291","0.3960921218948","1.18704212","1","interacts with","Cryptococcus (interacts with) Rothia","false","interacts with","Cryptococcus (interacts with) Rothia"
"1292","1292","-1.77810819048828","1.12692308","-1","interacts with","Cryptococcus (interacts with) Prevotella","false","interacts with","Cryptococcus (interacts with) Prevotella"
"1293","1293","-1.2522742323569","1.13574661","-1","interacts with","Cryptococcus (interacts with) Porphyromonas","false","interacts with","Cryptococcus (interacts with) Porphyromonas"
"1294","1294","-1.0557710888654899","1.0625","-1","interacts with","Cryptococcus (interacts with) Neisseria","false","interacts with","Cryptococcus (interacts with) Neisseria"
"1295","1295","-1.20287544062078","1.0625","-1","interacts with","Cryptococcus (interacts with) Leptotrichia","false","interacts with","Cryptococcus (interacts with) Leptotrichia"
"1296","1296","6.610696226886099","1.19497863","1","interacts with","Cryptococcus (interacts with) Haemophilus","false","interacts with","Cryptococcus (interacts with) Haemophilus"
"1297","1297","-1.24025251122864","1.1879902","-1","interacts with","Cryptococcus (interacts with) Granulicatella","false","interacts with","Cryptococcus (interacts with) Granulicatella"
"1298","1298","-0.672003601526157","1.32598323","-1","interacts with","Cryptococcus (interacts with) Gemella","false","interacts with","Cryptococcus (interacts with) Gemella"
"1299","1299","-1.88006084335759","1.25053419","-1","interacts with","Cryptococcus (interacts with) Fusobacterium","false","interacts with","Cryptococcus (interacts with) Fusobacterium"
"1300","1300","-0.247068478021993","1.19824661","-1","interacts with","Cryptococcus (interacts with) Actinomyces","false","interacts with","Cryptococcus (interacts with) Actinomyces"
"1301","1301","-0.839231441622359","1.39119996","-1","interacts with","Cryptococcus (interacts with) Actinobacillus","false","interacts with","Cryptococcus (interacts with) Actinobacillus"
"1302","1302","0.0967371258993948","1.81197224","1","interacts with","Candida (interacts with) RV","false","interacts with","Candida (interacts with) RV"
"1303","1303","15.952280226366598","1.16275063","1","interacts with","Candida (interacts with) PIV3","false","interacts with","Candida (interacts with) PIV3"
"1304","1304","-23.219608136949102","1.2271737","-1","interacts with","Candida (interacts with) unidentified","false","interacts with","Candida (interacts with) unidentified"
"1305","1305","-14.6740435951072","1.2911648","-1","interacts with","Candida (interacts with) Saccharomyces","false","interacts with","Candida (interacts with) Saccharomyces"
"1306","1306","-23.327356391526397","1.51099723","-1","interacts with","Candida (interacts with) Penicillium","false","interacts with","Candida (interacts with) Penicillium"
"1307","1307","-0.795466000991247","1.2396737","-1","interacts with","Candida (interacts with) Cryptococcus","false","interacts with","Candida (interacts with) Cryptococcus"
"1308","1308","-18.6004213534716","1.50441729","-1","interacts with","Candida (interacts with) Aspergillus","false","interacts with","Candida (interacts with) Aspergillus"
"1309","1309","13.0078806526319","1.1716792","1","interacts with","Candida (interacts with) Pseudomonas","false","interacts with","Candida (interacts with) Pseudomonas"
"1310","1310","2.5191711838291297","1.5139652","1","interacts with","Candida (interacts with) Moraxella","false","interacts with","Candida (interacts with) Moraxella"
"1311","1311","1.6997231106997999","1.34796304","1","interacts with","Candida (interacts with) Klebsiella","false","interacts with","Candida (interacts with) Klebsiella"
"1312","1312","0.780770956248797","1.3021737","1","interacts with","Candida (interacts with) Veillonella","false","interacts with","Candida (interacts with) Veillonella"
"1313","1313","8.19455310256532","1.15288221","1","interacts with","Candida (interacts with) Streptococcus","false","interacts with","Candida (interacts with) Streptococcus"
"1314","1314","3.0708741569038303","1.21275063","1","interacts with","Candida (interacts with) Prevotella","false","interacts with","Candida (interacts with) Prevotella"
"1315","1315","0.20034576844374302","1.22157416","1","interacts with","Candida (interacts with) Porphyromonas","false","interacts with","Candida (interacts with) Porphyromonas"
"1316","1316","9.51740920730887","1.1716792","1","interacts with","Candida (interacts with) Neisseria","false","interacts with","Candida (interacts with) Neisseria"
"1317","1317","-1.99530424812877","1.1716792","-1","interacts with","Candida (interacts with) Leptotrichia","false","interacts with","Candida (interacts with) Leptotrichia"
"1318","1318","10.885604027453198","1.15580618","1","interacts with","Candida (interacts with) Haemophilus","false","interacts with","Candida (interacts with) Haemophilus"
"1319","1319","13.654705415107","1.43824082","1","interacts with","Candida (interacts with) Granulicatella","false","interacts with","Candida (interacts with) Granulicatella"
"1320","1320","4.92254135970448","1.21136174","1","interacts with","Candida (interacts with) Fusobacterium","false","interacts with","Candida (interacts with) Fusobacterium"
"1321","1321","1.27963365849273","1.15907416","1","interacts with","Candida (interacts with) Actinomyces","false","interacts with","Candida (interacts with) Actinomyces"
"1322","1322","0.15012551508220198","1.3520275","1","interacts with","Candida (interacts with) Actinobacillus","false","interacts with","Candida (interacts with) Actinobacillus"
"1323","1323","-1.08258460067889","1.64313187","-1","interacts with","Aspergillus (interacts with) RV","false","interacts with","Aspergillus (interacts with) RV"
"1324","1324","0.803248347654562","1.32083333","1","interacts with","Aspergillus (interacts with) PIV3","false","interacts with","Aspergillus (interacts with) PIV3"
"1325","1325","7.37653042506299","1.41858974","1","interacts with","Aspergillus (interacts with) unidentified","false","interacts with","Aspergillus (interacts with) unidentified"
"1326","1326","2.1909356664419","1.58888889","1","interacts with","Aspergillus (interacts with) Saccharomyces","false","interacts with","Aspergillus (interacts with) Saccharomyces"
"1327","1327","8.43623577030343","1.39215686","1","interacts with","Aspergillus (interacts with) Penicillium","false","interacts with","Aspergillus (interacts with) Penicillium"
"1328","1328","0.7279386936407909","1.50441729","1","interacts with","Aspergillus (interacts with) Candida","false","interacts with","Aspergillus (interacts with) Candida"
"1329","1329","0.44161317466010497","1.47559524","1","interacts with","Aspergillus (interacts with) Pseudomonas","false","interacts with","Aspergillus (interacts with) Pseudomonas"
"1330","1330","3.65675340490578","1.60608974","1","interacts with","Aspergillus (interacts with) Veillonella","false","interacts with","Aspergillus (interacts with) Veillonella"
"1331","1331","3.5138824507738704","1.45679825","1","interacts with","Aspergillus (interacts with) Streptococcus","false","interacts with","Aspergillus (interacts with) Streptococcus"
"1332","1332","4.40858207943879","1.45178571","1","interacts with","Aspergillus (interacts with) Rothia","false","interacts with","Aspergillus (interacts with) Rothia"
"1333","1333","9.7216586721878","1.47559524","1","interacts with","Aspergillus (interacts with) Neisseria","false","interacts with","Aspergillus (interacts with) Neisseria"
"1334","1334","2.9387165957573904","1.47559524","1","interacts with","Aspergillus (interacts with) Leptotrichia","false","interacts with","Aspergillus (interacts with) Leptotrichia"
"1335","1335","3.2324329263927596","1.45972222","1","interacts with","Aspergillus (interacts with) Haemophilus","false","interacts with","Aspergillus (interacts with) Haemophilus"
"1336","1336","3.92355093890944","1.43596491","1","interacts with","Aspergillus (interacts with) Gemella","false","interacts with","Aspergillus (interacts with) Gemella"
"1337","1337","2.11802217633153","1.39305556","1","interacts with","Aspergillus (interacts with) Fusobacterium","false","interacts with","Aspergillus (interacts with) Fusobacterium"
"1338","1338","4.32519561469325","1.4629902","1","interacts with","Aspergillus (interacts with) Actinomyces","false","interacts with","Aspergillus (interacts with) Actinomyces"
"1339","1339","3.15710794844961","1.49568713","1","interacts with","Aspergillus (interacts with) Actinobacillus","false","interacts with","Aspergillus (interacts with) Actinobacillus"
"1340","1340","3.0591597387050005","1.13392857","1","interacts with","Pseudomonas (interacts with) PIV3","false","interacts with","Pseudomonas (interacts with) PIV3"
"1341","1341","0.44414372734688495","1.05","1","interacts with","Pseudomonas (interacts with) unidentified","false","interacts with","Pseudomonas (interacts with) unidentified"
"1342","1342","0.34683937092187606","1.37747432","1","interacts with","Pseudomonas (interacts with) Saccharomyces","false","interacts with","Pseudomonas (interacts with) Saccharomyces"
"1343","1343","1.6412752439432499","1.32741327","1","interacts with","Pseudomonas (interacts with) Penicillium","false","interacts with","Pseudomonas (interacts with) Penicillium"
"1344","1344","-0.829074275375201","1.0625","-1","interacts with","Pseudomonas (interacts with) Cryptococcus","false","interacts with","Pseudomonas (interacts with) Cryptococcus"
"1345","1345","13.0078806526319","1.1716792","1","interacts with","Pseudomonas (interacts with) Candida","false","interacts with","Pseudomonas (interacts with) Candida"
"1346","1346","0.44161317466010497","1.47559524","1","interacts with","Pseudomonas (interacts with) Aspergillus","false","interacts with","Pseudomonas (interacts with) Aspergillus"
"1347","1347","-1.1100796758878302","1.43777473","-1","interacts with","Pseudomonas (interacts with) Moraxella","false","interacts with","Pseudomonas (interacts with) Moraxella"
"1348","1348","0.540747463968525","1.31914099","1","interacts with","Pseudomonas (interacts with) Klebsiella","false","interacts with","Pseudomonas (interacts with) Klebsiella"
"1349","1349","-0.834028263432125","1.125","-1","interacts with","Pseudomonas (interacts with) Veillonella","false","interacts with","Pseudomonas (interacts with) Veillonella"
"1350","1350","9.40536758516835","1.12406015","1","interacts with","Pseudomonas (interacts with) Streptococcus","false","interacts with","Pseudomonas (interacts with) Streptococcus"
"1351","1351","-0.8028934369139921","1.11904762","-1","interacts with","Pseudomonas (interacts with) Rothia","false","interacts with","Pseudomonas (interacts with) Rothia"
"1352","1352","-0.8249727968803579","1.18392857","-1","interacts with","Pseudomonas (interacts with) Prevotella","false","interacts with","Pseudomonas (interacts with) Prevotella"
"1353","1353","-0.283401478386311","1.1927521","-1","interacts with","Pseudomonas (interacts with) Porphyromonas","false","interacts with","Pseudomonas (interacts with) Porphyromonas"
"1354","1354","0.772966720122238","1.0","1","interacts with","Pseudomonas (interacts with) Neisseria","false","interacts with","Pseudomonas (interacts with) Neisseria"
"1355","1355","0.16809343442108898","1.0","1","interacts with","Pseudomonas (interacts with) Leptotrichia","false","interacts with","Pseudomonas (interacts with) Leptotrichia"
"1356","1356","-3.67408439858226","1.12698413","-1","interacts with","Pseudomonas (interacts with) Haemophilus","false","interacts with","Pseudomonas (interacts with) Haemophilus"
"1357","1357","-1.66226626086373","1.25465686","-1","interacts with","Pseudomonas (interacts with) Granulicatella","false","interacts with","Pseudomonas (interacts with) Granulicatella"
"1358","1358","-0.7069909409763899","1.25798872","-1","interacts with","Pseudomonas (interacts with) Gemella","false","interacts with","Pseudomonas (interacts with) Gemella"
"1359","1359","-0.8141437850852679","1.18253968","-1","interacts with","Pseudomonas (interacts with) Fusobacterium","false","interacts with","Pseudomonas (interacts with) Fusobacterium"
"1360","1360","-0.23944979336620004","1.1302521","-1","interacts with","Pseudomonas (interacts with) Actinomyces","false","interacts with","Pseudomonas (interacts with) Actinomyces"
"1361","1361","0.174818475290536","1.32320545","1","interacts with","Pseudomonas (interacts with) Actinobacillus","false","interacts with","Pseudomonas (interacts with) Actinobacillus"
"1362","1362","0.689751904371178","1.48777473","1","interacts with","Moraxella (interacts with) unidentified","false","interacts with","Moraxella (interacts with) unidentified"
"1363","1363","0.162479422354719","1.56630216","1","interacts with","Moraxella (interacts with) Saccharomyces","false","interacts with","Moraxella (interacts with) Saccharomyces"
"1364","1364","1.60314854400076","1.35444139","1","interacts with","Moraxella (interacts with) Cryptococcus","false","interacts with","Moraxella (interacts with) Cryptococcus"
"1365","1365","2.5191711838291297","1.5139652","1","interacts with","Moraxella (interacts with) Candida","false","interacts with","Moraxella (interacts with) Candida"
"1366","1366","-1.1100796758878302","1.43777473","-1","interacts with","Moraxella (interacts with) Pseudomonas","false","interacts with","Moraxella (interacts with) Pseudomonas"
"1367","1367","-0.988884752050231","1.3664072","-1","interacts with","Moraxella (interacts with) Klebsiella","false","interacts with","Moraxella (interacts with) Klebsiella"
"1368","1368","-1.96039170420299","1.42335165","-1","interacts with","Moraxella (interacts with) Veillonella","false","interacts with","Moraxella (interacts with) Veillonella"
"1369","1369","4.34063791260131","1.46085165","1","interacts with","Moraxella (interacts with) Streptococcus","false","interacts with","Moraxella (interacts with) Streptococcus"
"1370","1370","-0.11266683259166801","1.58539377","-1","interacts with","Moraxella (interacts with) Rothia","false","interacts with","Moraxella (interacts with) Rothia"
"1371","1371","-2.26504886699757","1.50444139","-1","interacts with","Moraxella (interacts with) Prevotella","false","interacts with","Moraxella (interacts with) Prevotella"
"1372","1372","2.77806587837373","1.51326492","1","interacts with","Moraxella (interacts with) Porphyromonas","false","interacts with","Moraxella (interacts with) Porphyromonas"
"1373","1373","1.08810684924034","1.43777473","1","interacts with","Moraxella (interacts with) Neisseria","false","interacts with","Moraxella (interacts with) Neisseria"
"1374","1374","-1.99194314323175","1.43777473","-1","interacts with","Moraxella (interacts with) Leptotrichia","false","interacts with","Moraxella (interacts with) Leptotrichia"
"1375","1375","5.19018362763768","1.59333028","1","interacts with","Moraxella (interacts with) Haemophilus","false","interacts with","Moraxella (interacts with) Haemophilus"
"1376","1376","-0.7926349067963331","1.5164072","-1","interacts with","Moraxella (interacts with) Fusobacterium","false","interacts with","Moraxella (interacts with) Fusobacterium"
"1377","1377","-1.45429190065898","1.46085165","-1","interacts with","Moraxella (interacts with) Actinomyces","false","interacts with","Moraxella (interacts with) Actinomyces"
"1378","1378","5.38311119777423","1.66727717","1","interacts with","Klebsiella (interacts with) RV","false","interacts with","Klebsiella (interacts with) RV"
"1379","1379","11.154645111431101","1.31021242","1","interacts with","Klebsiella (interacts with) PIV3","false","interacts with","Klebsiella (interacts with) PIV3"
"1380","1380","2.05583343566896","1.3746355","1","interacts with","Klebsiella (interacts with) unidentified","false","interacts with","Klebsiella (interacts with) unidentified"
"1381","1381","-0.49916704796880795","1.55375817","-1","interacts with","Klebsiella (interacts with) Saccharomyces","false","interacts with","Klebsiella (interacts with) Saccharomyces"
"1382","1382","-1.85953494638113","1.25796883","-1","interacts with","Klebsiella (interacts with) Cryptococcus","false","interacts with","Klebsiella (interacts with) Cryptococcus"
"1383","1383","1.6997231106997999","1.34796304","1","interacts with","Klebsiella (interacts with) Candida","false","interacts with","Klebsiella (interacts with) Candida"
"1384","1384","0.540747463968525","1.31914099","1","interacts with","Klebsiella (interacts with) Pseudomonas","false","interacts with","Klebsiella (interacts with) Pseudomonas"
"1385","1385","-0.988884752050231","1.3664072","-1","interacts with","Klebsiella (interacts with) Moraxella","false","interacts with","Klebsiella (interacts with) Moraxella"
"1386","1386","-1.7248575958013301","1.32046883","-1","interacts with","Klebsiella (interacts with) Veillonella","false","interacts with","Klebsiella (interacts with) Veillonella"
"1387","1387","0.0497380671931333","1.300344","1","interacts with","Klebsiella (interacts with) Streptococcus","false","interacts with","Klebsiella (interacts with) Streptococcus"
"1388","1388","-2.85035222331271","1.29533147","-1","interacts with","Klebsiella (interacts with) Rothia","false","interacts with","Klebsiella (interacts with) Rothia"
"1389","1389","-0.6647283460198999","1.23104575","-1","interacts with","Klebsiella (interacts with) Prevotella","false","interacts with","Klebsiella (interacts with) Prevotella"
"1390","1390","-0.0168551646840008","1.23986928","-1","interacts with","Klebsiella (interacts with) Porphyromonas","false","interacts with","Klebsiella (interacts with) Porphyromonas"
"1391","1391","-1.22404464778634","1.31914099","-1","interacts with","Klebsiella (interacts with) Neisseria","false","interacts with","Klebsiella (interacts with) Neisseria"
"1392","1392","-1.4091594617590202","1.31914099","-1","interacts with","Klebsiella (interacts with) Leptotrichia","false","interacts with","Klebsiella (interacts with) Leptotrichia"
"1393","1393","-2.6808841290338","1.30326797","-1","interacts with","Klebsiella (interacts with) Haemophilus","false","interacts with","Klebsiella (interacts with) Haemophilus"
"1394","1394","1.54395753149435","1.43427257","1","interacts with","Klebsiella (interacts with) Gemella","false","interacts with","Klebsiella (interacts with) Gemella"
"1395","1395","-0.475075644064527","1.18104575","-1","interacts with","Klebsiella (interacts with) Actinomyces","false","interacts with","Klebsiella (interacts with) Actinomyces"
"1396","1396","2.78229618638708","1.38837819","1","interacts with","Klebsiella (interacts with) Actinobacillus","false","interacts with","Klebsiella (interacts with) Actinobacillus"
"1397","1397","0.571351098621661","1.26442308","1","interacts with","Veillonella (interacts with) PIV3","false","interacts with","Veillonella (interacts with) PIV3"
"1398","1398","5.020299379775911","1.175","1","interacts with","Veillonella (interacts with) unidentified","false","interacts with","Veillonella (interacts with) unidentified"
"1399","1399","-0.902844844041982","1.1875","-1","interacts with","Veillonella (interacts with) Cryptococcus","false","interacts with","Veillonella (interacts with) Cryptococcus"
"1400","1400","0.780770956248797","1.3021737","1","interacts with","Veillonella (interacts with) Candida","false","interacts with","Veillonella (interacts with) Candida"
"1401","1401","3.65675340490578","1.60608974","1","interacts with","Veillonella (interacts with) Aspergillus","false","interacts with","Veillonella (interacts with) Aspergillus"
"1402","1402","-0.834028263432125","1.125","-1","interacts with","Veillonella (interacts with) Pseudomonas","false","interacts with","Veillonella (interacts with) Pseudomonas"
"1403","1403","-1.96039170420299","1.42335165","-1","interacts with","Veillonella (interacts with) Moraxella","false","interacts with","Veillonella (interacts with) Moraxella"
"1404","1404","-1.7248575958013301","1.32046883","-1","interacts with","Veillonella (interacts with) Klebsiella","false","interacts with","Veillonella (interacts with) Klebsiella"
"1405","1405","18.7816006853202","1.25455466","1","interacts with","Veillonella (interacts with) Streptococcus","false","interacts with","Veillonella (interacts with) Streptococcus"
"1406","1406","15.2147005084055","1.24954212","1","interacts with","Veillonella (interacts with) Rothia","false","interacts with","Veillonella (interacts with) Rothia"
"1407","1407","36.335136538254794","1.31442308","1","interacts with","Veillonella (interacts with) Prevotella","false","interacts with","Veillonella (interacts with) Prevotella"
"1408","1408","5.4281695439141","1.20192308","1","interacts with","Veillonella (interacts with) Porphyromonas","false","interacts with","Veillonella (interacts with) Porphyromonas"
"1409","1409","3.8189523305405197","1.125","1","interacts with","Veillonella (interacts with) Neisseria","false","interacts with","Veillonella (interacts with) Neisseria"
"1410","1410","15.578043660522999","1.125","1","interacts with","Veillonella (interacts with) Leptotrichia","false","interacts with","Veillonella (interacts with) Leptotrichia"
"1411","1411","0.643031562161561","1.13942308","1","interacts with","Veillonella (interacts with) Haemophilus","false","interacts with","Veillonella (interacts with) Haemophilus"
"1412","1412","8.03928357786645","1.25465686","1","interacts with","Veillonella (interacts with) Granulicatella","false","interacts with","Veillonella (interacts with) Granulicatella"
"1413","1413","5.0507981235222195","1.26348323","1","interacts with","Veillonella (interacts with) Gemella","false","interacts with","Veillonella (interacts with) Gemella"
"1414","1414","7.74669978149449","1.31303419","1","interacts with","Veillonella (interacts with) Fusobacterium","false","interacts with","Veillonella (interacts with) Fusobacterium"
"1415","1415","19.733737865379396","1.13942308","1","interacts with","Veillonella (interacts with) Actinomyces","false","interacts with","Veillonella (interacts with) Actinomyces"
"1416","1416","1.3831479309244499","1.32453329","1","interacts with","Veillonella (interacts with) Actinobacillus","false","interacts with","Veillonella (interacts with) Actinobacillus"
"1417","1417","0.8460573716977321","1.76435319","1","interacts with","Streptococcus (interacts with) RV","false","interacts with","Streptococcus (interacts with) RV"
"1418","1418","8.49932976226507","1.11513158","1","interacts with","Streptococcus (interacts with) PIV3","false","interacts with","Streptococcus (interacts with) PIV3"
"1419","1419","4.097815388340109","1.17955466","1","interacts with","Streptococcus (interacts with) unidentified","false","interacts with","Streptococcus (interacts with) unidentified"
"1420","1420","1.68343822880781","1.23937908","1","interacts with","Streptococcus (interacts with) Saccharomyces","false","interacts with","Streptococcus (interacts with) Saccharomyces"
"1421","1421","0.6501982534803361","1.46337819","1","interacts with","Streptococcus (interacts with) Penicillium","false","interacts with","Streptococcus (interacts with) Penicillium"
"1422","1422","0.9034708008988359","1.19205466","1","interacts with","Streptococcus (interacts with) Cryptococcus","false","interacts with","Streptococcus (interacts with) Cryptococcus"
"1423","1423","8.19455310256532","1.15288221","1","interacts with","Streptococcus (interacts with) Candida","false","interacts with","Streptococcus (interacts with) Candida"
"1424","1424","3.5138824507738704","1.45679825","1","interacts with","Streptococcus (interacts with) Aspergillus","false","interacts with","Streptococcus (interacts with) Aspergillus"
"1425","1425","9.40536758516835","1.12406015","1","interacts with","Streptococcus (interacts with) Pseudomonas","false","interacts with","Streptococcus (interacts with) Pseudomonas"
"1426","1426","4.34063791260131","1.46085165","1","interacts with","Streptococcus (interacts with) Moraxella","false","interacts with","Streptococcus (interacts with) Moraxella"
"1427","1427","0.0497380671931333","1.300344","1","interacts with","Streptococcus (interacts with) Klebsiella","false","interacts with","Streptococcus (interacts with) Klebsiella"
"1428","1428","18.7816006853202","1.25455466","1","interacts with","Streptococcus (interacts with) Veillonella","false","interacts with","Streptococcus (interacts with) Veillonella"
"1429","1429","25.853907393169898","1.10025063","1","interacts with","Streptococcus (interacts with) Rothia","false","interacts with","Streptococcus (interacts with) Rothia"
"1430","1430","10.1517423393781","1.16513158","1","interacts with","Streptococcus (interacts with) Prevotella","false","interacts with","Streptococcus (interacts with) Prevotella"
"1431","1431","3.01717560706196","1.17395511","1","interacts with","Streptococcus (interacts with) Porphyromonas","false","interacts with","Streptococcus (interacts with) Porphyromonas"
"1432","1432","6.753694291532691","1.12406015","1","interacts with","Streptococcus (interacts with) Neisseria","false","interacts with","Streptococcus (interacts with) Neisseria"
"1433","1433","2.93412425603948","1.12406015","1","interacts with","Streptococcus (interacts with) Leptotrichia","false","interacts with","Streptococcus (interacts with) Leptotrichia"
"1434","1434","12.4750417163989","1.10818713","1","interacts with","Streptococcus (interacts with) Haemophilus","false","interacts with","Streptococcus (interacts with) Haemophilus"
"1435","1435","5.51962071932373","1.39062178","1","interacts with","Streptococcus (interacts with) Granulicatella","false","interacts with","Streptococcus (interacts with) Granulicatella"
"1436","1436","15.6652072286746","1.23919173","1","interacts with","Streptococcus (interacts with) Gemella","false","interacts with","Streptococcus (interacts with) Gemella"
"1437","1437","1.9342743468753","1.05555556","1","interacts with","Streptococcus (interacts with) Fusobacterium","false","interacts with","Streptococcus (interacts with) Fusobacterium"
"1438","1438","8.9817933310177","1.11145511","1","interacts with","Streptococcus (interacts with) Actinomyces","false","interacts with","Streptococcus (interacts with) Actinomyces"
"1439","1439","-1.09401359764588","1.75934066","-1","interacts with","Rothia (interacts with) RV","false","interacts with","Rothia (interacts with) RV"
"1440","1440","-0.34270124621852505","1.11011905","-1","interacts with","Rothia (interacts with) PIV3","false","interacts with","Rothia (interacts with) PIV3"
"1441","1441","7.80766669466679","1.17454212","1","interacts with","Rothia (interacts with) unidentified","false","interacts with","Rothia (interacts with) unidentified"
"1442","1442","5.23892879982257","1.3536648","1","interacts with","Rothia (interacts with) Saccharomyces","false","interacts with","Rothia (interacts with) Saccharomyces"
"1443","1443","1.5968151949570502","1.45836565","1","interacts with","Rothia (interacts with) Penicillium","false","interacts with","Rothia (interacts with) Penicillium"
"1444","1444","0.3960921218948","1.18704212","1","interacts with","Rothia (interacts with) Cryptococcus","false","interacts with","Rothia (interacts with) Cryptococcus"
"1445","1445","4.40858207943879","1.45178571","1","interacts with","Rothia (interacts with) Aspergillus","false","interacts with","Rothia (interacts with) Aspergillus"
"1446","1446","-0.8028934369139921","1.11904762","-1","interacts with","Rothia (interacts with) Pseudomonas","false","interacts with","Rothia (interacts with) Pseudomonas"
"1447","1447","-0.11266683259166801","1.58539377","-1","interacts with","Rothia (interacts with) Moraxella","false","interacts with","Rothia (interacts with) Moraxella"
"1448","1448","-2.85035222331271","1.29533147","-1","interacts with","Rothia (interacts with) Klebsiella","false","interacts with","Rothia (interacts with) Klebsiella"
"1449","1449","15.2147005084055","1.24954212","1","interacts with","Rothia (interacts with) Veillonella","false","interacts with","Rothia (interacts with) Veillonella"
"1450","1450","25.853907393169898","1.10025063","1","interacts with","Rothia (interacts with) Streptococcus","false","interacts with","Rothia (interacts with) Streptococcus"
"1451","1451","29.391476607614496","1.16011905","1","interacts with","Rothia (interacts with) Prevotella","false","interacts with","Rothia (interacts with) Prevotella"
"1452","1452","5.7756930082316105","1.16894258","1","interacts with","Rothia (interacts with) Porphyromonas","false","interacts with","Rothia (interacts with) Porphyromonas"
"1453","1453","23.4414594342065","1.11904762","1","interacts with","Rothia (interacts with) Neisseria","false","interacts with","Rothia (interacts with) Neisseria"
"1454","1454","7.141251203595621","1.11904762","1","interacts with","Rothia (interacts with) Leptotrichia","false","interacts with","Rothia (interacts with) Leptotrichia"
"1455","1455","2.2627879876229398","1.1031746","1","interacts with","Rothia (interacts with) Haemophilus","false","interacts with","Rothia (interacts with) Haemophilus"
"1456","1456","8.86922112089846","1.38560924","1","interacts with","Rothia (interacts with) Granulicatella","false","interacts with","Rothia (interacts with) Granulicatella"
"1457","1457","7.83309834387371","1.13392857","1","interacts with","Rothia (interacts with) Gemella","false","interacts with","Rothia (interacts with) Gemella"
"1458","1458","4.602798461129099","1.15873016","1","interacts with","Rothia (interacts with) Fusobacterium","false","interacts with","Rothia (interacts with) Fusobacterium"
"1459","1459","14.9641603914692","1.10644258","1","interacts with","Rothia (interacts with) Actinomyces","false","interacts with","Rothia (interacts with) Actinomyces"
"1460","1460","4.00975303477803","1.29939593","1","interacts with","Rothia (interacts with) Actinobacillus","false","interacts with","Rothia (interacts with) Actinobacillus"
"1461","1461","0.7312043765499342","1.69729853","1","interacts with","Prevotella (interacts with) RV","false","interacts with","Prevotella (interacts with) RV"
"1462","1462","-1.20877098890764","1.175","-1","interacts with","Prevotella (interacts with) PIV3","false","interacts with","Prevotella (interacts with) PIV3"
"1463","1463","1.17047242021308","1.41854575","1","interacts with","Prevotella (interacts with) Saccharomyces","false","interacts with","Prevotella (interacts with) Saccharomyces"
"1464","1464","-0.999355438694022","1.52324661","-1","interacts with","Prevotella (interacts with) Penicillium","false","interacts with","Prevotella (interacts with) Penicillium"
"1465","1465","-1.77810819048828","1.12692308","-1","interacts with","Prevotella (interacts with) Cryptococcus","false","interacts with","Prevotella (interacts with) Cryptococcus"
"1466","1466","3.0708741569038303","1.21275063","1","interacts with","Prevotella (interacts with) Candida","false","interacts with","Prevotella (interacts with) Candida"
"1467","1467","-0.8249727968803579","1.18392857","-1","interacts with","Prevotella (interacts with) Pseudomonas","false","interacts with","Prevotella (interacts with) Pseudomonas"
"1468","1468","-2.26504886699757","1.50444139","-1","interacts with","Prevotella (interacts with) Moraxella","false","interacts with","Prevotella (interacts with) Moraxella"
"1469","1469","-0.6647283460198999","1.23104575","-1","interacts with","Prevotella (interacts with) Klebsiella","false","interacts with","Prevotella (interacts with) Klebsiella"
"1470","1470","36.335136538254794","1.31442308","1","interacts with","Prevotella (interacts with) Veillonella","false","interacts with","Prevotella (interacts with) Veillonella"
"1471","1471","10.1517423393781","1.16513158","1","interacts with","Prevotella (interacts with) Streptococcus","false","interacts with","Prevotella (interacts with) Streptococcus"
"1472","1472","29.391476607614496","1.16011905","1","interacts with","Prevotella (interacts with) Rothia","false","interacts with","Prevotella (interacts with) Rothia"
"1473","1473","6.83594984740283","1.10882353","1","interacts with","Prevotella (interacts with) Porphyromonas","false","interacts with","Prevotella (interacts with) Porphyromonas"
"1474","1474","7.98698666616584","1.18392857","1","interacts with","Prevotella (interacts with) Neisseria","false","interacts with","Prevotella (interacts with) Neisseria"
"1475","1475","23.1519519926079","1.18392857","1","interacts with","Prevotella (interacts with) Leptotrichia","false","interacts with","Prevotella (interacts with) Leptotrichia"
"1476","1476","-0.130448772435075","1.16805556","-1","interacts with","Prevotella (interacts with) Haemophilus","false","interacts with","Prevotella (interacts with) Haemophilus"
"1477","1477","8.214272807534291","1.32132353","1","interacts with","Prevotella (interacts with) Granulicatella","false","interacts with","Prevotella (interacts with) Granulicatella"
"1478","1478","4.53091210573058","1.29906015","1","interacts with","Prevotella (interacts with) Gemella","false","interacts with","Prevotella (interacts with) Gemella"
"1479","1479","17.2637977812338","1.22361111","1","interacts with","Prevotella (interacts with) Fusobacterium","false","interacts with","Prevotella (interacts with) Fusobacterium"
"1480","1480","36.799281882623205","1.17132353","1","interacts with","Prevotella (interacts with) Actinomyces","false","interacts with","Prevotella (interacts with) Actinomyces"
"1481","1481","2.42992784249142","1.36427688","1","interacts with","Prevotella (interacts with) Actinobacillus","false","interacts with","Prevotella (interacts with) Actinobacillus"
"1482","1482","-1.3447218235220502","1.83304514","-1","interacts with","Porphyromonas (interacts with) RV","false","interacts with","Porphyromonas (interacts with) RV"
"1483","1483","-0.0181426007019105","1.18382353","-1","interacts with","Porphyromonas (interacts with) PIV3","false","interacts with","Porphyromonas (interacts with) PIV3"
"1484","1484","4.6033634760468605","1.24824661","1","interacts with","Porphyromonas (interacts with) unidentified","false","interacts with","Porphyromonas (interacts with) unidentified"
"1485","1485","-0.182837385221191","1.53207014","-1","interacts with","Porphyromonas (interacts with) Penicillium","false","interacts with","Porphyromonas (interacts with) Penicillium"
"1486","1486","-1.2522742323569","1.13574661","-1","interacts with","Porphyromonas (interacts with) Cryptococcus","false","interacts with","Porphyromonas (interacts with) Cryptococcus"
"1487","1487","0.221633505878204","1.22157416","1","interacts with","Porphyromonas (interacts with) Candida","false","interacts with","Porphyromonas (interacts with) Candida"
"1488","1488","-0.283401478386311","1.1927521","-1","interacts with","Porphyromonas (interacts with) Pseudomonas","false","interacts with","Porphyromonas (interacts with) Pseudomonas"
"1489","1489","2.77806587837373","1.51326492","1","interacts with","Porphyromonas (interacts with) Moraxella","false","interacts with","Porphyromonas (interacts with) Moraxella"
"1490","1490","-0.0168551646840008","1.23986928","-1","interacts with","Porphyromonas (interacts with) Klebsiella","false","interacts with","Porphyromonas (interacts with) Klebsiella"
"1491","1491","5.4281695439141","1.20192308","1","interacts with","Porphyromonas (interacts with) Veillonella","false","interacts with","Porphyromonas (interacts with) Veillonella"
"1492","1492","3.01717560706196","1.17395511","1","interacts with","Porphyromonas (interacts with) Streptococcus","false","interacts with","Porphyromonas (interacts with) Streptococcus"
"1493","1493","5.7756930082316105","1.16894258","1","interacts with","Porphyromonas (interacts with) Rothia","false","interacts with","Porphyromonas (interacts with) Rothia"
"1494","1494","6.83594984740283","1.10882353","1","interacts with","Porphyromonas (interacts with) Prevotella","false","interacts with","Porphyromonas (interacts with) Prevotella"
"1495","1495","8.90114243056391","1.1927521","1","interacts with","Porphyromonas (interacts with) Neisseria","false","interacts with","Porphyromonas (interacts with) Neisseria"
"1496","1496","5.26754164145795","1.1927521","1","interacts with","Porphyromonas (interacts with) Leptotrichia","false","interacts with","Porphyromonas (interacts with) Leptotrichia"
"1497","1497","2.8667654039088397","1.0625","1","interacts with","Porphyromonas (interacts with) Haemophilus","false","interacts with","Porphyromonas (interacts with) Haemophilus"
"1498","1498","6.69641946730122","1.33014706","1","interacts with","Porphyromonas (interacts with) Granulicatella","false","interacts with","Porphyromonas (interacts with) Granulicatella"
"1499","1499","8.94338742655114","1.18656015","1","interacts with","Porphyromonas (interacts with) Gemella","false","interacts with","Porphyromonas (interacts with) Gemella"
"1500","1500","77.5991653261489","1.23243464","1","interacts with","Porphyromonas (interacts with) Fusobacterium","false","interacts with","Porphyromonas (interacts with) Fusobacterium"
"1501","1501","8.568571315703451","1.18014706","1","interacts with","Porphyromonas (interacts with) Actinomyces","false","interacts with","Porphyromonas (interacts with) Actinomyces"
"1502","1502","5.1820422252981695","1.24761021","1","interacts with","Porphyromonas (interacts with) Actinobacillus","false","interacts with","Porphyromonas (interacts with) Actinobacillus"
"1503","1503","2.3536825714987","1.13392857","1","interacts with","Neisseria (interacts with) PIV3","false","interacts with","Neisseria (interacts with) PIV3"
"1504","1504","7.07980812105617","1.05","1","interacts with","Neisseria (interacts with) unidentified","false","interacts with","Neisseria (interacts with) unidentified"
"1505","1505","4.80090181371118","1.37747432","1","interacts with","Neisseria (interacts with) Saccharomyces","false","interacts with","Neisseria (interacts with) Saccharomyces"
"1506","1506","0.835771850107464","1.32741327","1","interacts with","Neisseria (interacts with) Penicillium","false","interacts with","Neisseria (interacts with) Penicillium"
"1507","1507","-1.0557710888654899","1.0625","-1","interacts with","Neisseria (interacts with) Cryptococcus","false","interacts with","Neisseria (interacts with) Cryptococcus"
"1508","1508","9.51740920730887","1.1716792","1","interacts with","Neisseria (interacts with) Candida","false","interacts with","Neisseria (interacts with) Candida"
"1509","1509","9.7216586721878","1.47559524","1","interacts with","Neisseria (interacts with) Aspergillus","false","interacts with","Neisseria (interacts with) Aspergillus"
"1510","1510","0.772966720122238","1.0","1","interacts with","Neisseria (interacts with) Pseudomonas","false","interacts with","Neisseria (interacts with) Pseudomonas"
"1511","1511","1.08810684924034","1.43777473","1","interacts with","Neisseria (interacts with) Moraxella","false","interacts with","Neisseria (interacts with) Moraxella"
"1512","1512","-1.22404464778634","1.31914099","-1","interacts with","Neisseria (interacts with) Klebsiella","false","interacts with","Neisseria (interacts with) Klebsiella"
"1513","1513","3.8189523305405197","1.125","1","interacts with","Neisseria (interacts with) Veillonella","false","interacts with","Neisseria (interacts with) Veillonella"
"1514","1514","6.753694291532691","1.12406015","1","interacts with","Neisseria (interacts with) Streptococcus","false","interacts with","Neisseria (interacts with) Streptococcus"
"1515","1515","23.4414594342065","1.11904762","1","interacts with","Neisseria (interacts with) Rothia","false","interacts with","Neisseria (interacts with) Rothia"
"1516","1516","7.98698666616584","1.18392857","1","interacts with","Neisseria (interacts with) Prevotella","false","interacts with","Neisseria (interacts with) Prevotella"
"1517","1517","8.90114243056391","1.1927521","1","interacts with","Neisseria (interacts with) Porphyromonas","false","interacts with","Neisseria (interacts with) Porphyromonas"
"1518","1518","8.328744129742299","1.0","1","interacts with","Neisseria (interacts with) Leptotrichia","false","interacts with","Neisseria (interacts with) Leptotrichia"
"1519","1519","5.04160572108111","1.12698413","1","interacts with","Neisseria (interacts with) Haemophilus","false","interacts with","Neisseria (interacts with) Haemophilus"
"1520","1520","8.49177173011023","1.25465686","1","interacts with","Neisseria (interacts with) Granulicatella","false","interacts with","Neisseria (interacts with) Granulicatella"
"1521","1521","19.246943323575","1.25798872","1","interacts with","Neisseria (interacts with) Gemella","false","interacts with","Neisseria (interacts with) Gemella"
"1522","1522","7.600875498380259","1.18253968","1","interacts with","Neisseria (interacts with) Fusobacterium","false","interacts with","Neisseria (interacts with) Fusobacterium"
"1523","1523","6.9023147149420705","1.1302521","1","interacts with","Neisseria (interacts with) Actinomyces","false","interacts with","Neisseria (interacts with) Actinomyces"
"1524","1524","5.32810186456346","1.32320545","1","interacts with","Neisseria (interacts with) Actinobacillus","false","interacts with","Neisseria (interacts with) Actinobacillus"
"1525","1525","0.806969149056537","1.13392857","1","interacts with","Leptotrichia (interacts with) PIV3","false","interacts with","Leptotrichia (interacts with) PIV3"
"1526","1526","13.277203655134098","1.05","1","interacts with","Leptotrichia (interacts with) unidentified","false","interacts with","Leptotrichia (interacts with) unidentified"
"1527","1527","4.38351727892281","1.37747432","1","interacts with","Leptotrichia (interacts with) Saccharomyces","false","interacts with","Leptotrichia (interacts with) Saccharomyces"
"1528","1528","0.8008100241940831","1.32741327","1","interacts with","Leptotrichia (interacts with) Penicillium","false","interacts with","Leptotrichia (interacts with) Penicillium"
"1529","1529","-1.20287544062078","1.0625","-1","interacts with","Leptotrichia (interacts with) Cryptococcus","false","interacts with","Leptotrichia (interacts with) Cryptococcus"
"1530","1530","-1.99530424812877","1.1716792","-1","interacts with","Leptotrichia (interacts with) Candida","false","interacts with","Leptotrichia (interacts with) Candida"
"1531","1531","2.9387165957573904","1.47559524","1","interacts with","Leptotrichia (interacts with) Aspergillus","false","interacts with","Leptotrichia (interacts with) Aspergillus"
"1532","1532","0.16809343442108898","1.0","1","interacts with","Leptotrichia (interacts with) Pseudomonas","false","interacts with","Leptotrichia (interacts with) Pseudomonas"
"1533","1533","-1.99194314323175","1.43777473","-1","interacts with","Leptotrichia (interacts with) Moraxella","false","interacts with","Leptotrichia (interacts with) Moraxella"
"1534","1534","-1.4091594617590202","1.31914099","-1","interacts with","Leptotrichia (interacts with) Klebsiella","false","interacts with","Leptotrichia (interacts with) Klebsiella"
"1535","1535","15.578043660522999","1.125","1","interacts with","Leptotrichia (interacts with) Veillonella","false","interacts with","Leptotrichia (interacts with) Veillonella"
"1536","1536","2.93412425603948","1.12406015","1","interacts with","Leptotrichia (interacts with) Streptococcus","false","interacts with","Leptotrichia (interacts with) Streptococcus"
"1537","1537","7.141251203595621","1.11904762","1","interacts with","Leptotrichia (interacts with) Rothia","false","interacts with","Leptotrichia (interacts with) Rothia"
"1538","1538","23.1519519926079","1.18392857","1","interacts with","Leptotrichia (interacts with) Prevotella","false","interacts with","Leptotrichia (interacts with) Prevotella"
"1539","1539","6.580353775507259","1.1927521","1","interacts with","Leptotrichia (interacts with) Porphyromonas","false","interacts with","Leptotrichia (interacts with) Porphyromonas"
"1540","1540","8.328744129742299","1.0","1","interacts with","Leptotrichia (interacts with) Neisseria","false","interacts with","Leptotrichia (interacts with) Neisseria"
"1541","1541","1.3928888969017899","1.12698413","1","interacts with","Leptotrichia (interacts with) Haemophilus","false","interacts with","Leptotrichia (interacts with) Haemophilus"
"1542","1542","9.340009555485189","1.25465686","1","interacts with","Leptotrichia (interacts with) Granulicatella","false","interacts with","Leptotrichia (interacts with) Granulicatella"
"1543","1543","8.696408707108361","1.25798872","1","interacts with","Leptotrichia (interacts with) Gemella","false","interacts with","Leptotrichia (interacts with) Gemella"
"1544","1544","11.5667922049422","1.18253968","1","interacts with","Leptotrichia (interacts with) Fusobacterium","false","interacts with","Leptotrichia (interacts with) Fusobacterium"
"1545","1545","14.788830219163302","1.1302521","1","interacts with","Leptotrichia (interacts with) Actinomyces","false","interacts with","Leptotrichia (interacts with) Actinomyces"
"1546","1546","4.406397806234129","1.32320545","1","interacts with","Leptotrichia (interacts with) Actinobacillus","false","interacts with","Leptotrichia (interacts with) Actinobacillus"
"1547","1547","-2.28649516640307","1.76727717","-1","interacts with","Haemophilus (interacts with) RV","false","interacts with","Haemophilus (interacts with) RV"
"1548","1548","4.04193628093119","1.11805556","1","interacts with","Haemophilus (interacts with) PIV3","false","interacts with","Haemophilus (interacts with) PIV3"
"1549","1549","5.15238947590495","1.18247863","1","interacts with","Haemophilus (interacts with) unidentified","false","interacts with","Haemophilus (interacts with) unidentified"
"1550","1550","5.162944290024839","1.46630216","1","interacts with","Haemophilus (interacts with) Penicillium","false","interacts with","Haemophilus (interacts with) Penicillium"
"1551","1551","6.610696226886099","1.19497863","1","interacts with","Haemophilus (interacts with) Cryptococcus","false","interacts with","Haemophilus (interacts with) Cryptococcus"
"1552","1552","10.885604027453198","1.15580618","1","interacts with","Haemophilus (interacts with) Candida","false","interacts with","Haemophilus (interacts with) Candida"
"1553","1553","3.2324329263927596","1.45972222","1","interacts with","Haemophilus (interacts with) Aspergillus","false","interacts with","Haemophilus (interacts with) Aspergillus"
"1554","1554","-3.67408439858226","1.12698413","-1","interacts with","Haemophilus (interacts with) Pseudomonas","false","interacts with","Haemophilus (interacts with) Pseudomonas"
"1555","1555","5.19018362763768","1.59333028","1","interacts with","Haemophilus (interacts with) Moraxella","false","interacts with","Haemophilus (interacts with) Moraxella"
"1556","1556","-2.6808841290338","1.30326797","-1","interacts with","Haemophilus (interacts with) Klebsiella","false","interacts with","Haemophilus (interacts with) Klebsiella"
"1557","1557","0.643031562161561","1.13942308","1","interacts with","Haemophilus (interacts with) Veillonella","false","interacts with","Haemophilus (interacts with) Veillonella"
"1558","1558","12.4750417163989","1.10818713","1","interacts with","Haemophilus (interacts with) Streptococcus","false","interacts with","Haemophilus (interacts with) Streptococcus"
"1559","1559","2.2627879876229398","1.1031746","1","interacts with","Haemophilus (interacts with) Rothia","false","interacts with","Haemophilus (interacts with) Rothia"
"1560","1560","-0.130448772435075","1.16805556","-1","interacts with","Haemophilus (interacts with) Prevotella","false","interacts with","Haemophilus (interacts with) Prevotella"
"1561","1561","2.8667654039088397","1.0625","1","interacts with","Haemophilus (interacts with) Porphyromonas","false","interacts with","Haemophilus (interacts with) Porphyromonas"
"1562","1562","5.04160572108111","1.12698413","1","interacts with","Haemophilus (interacts with) Neisseria","false","interacts with","Haemophilus (interacts with) Neisseria"
"1563","1563","1.3928888969017899","1.12698413","1","interacts with","Haemophilus (interacts with) Leptotrichia","false","interacts with","Haemophilus (interacts with) Leptotrichia"
"1564","1564","2.6095320657628798","1.39354575","1","interacts with","Haemophilus (interacts with) Granulicatella","false","interacts with","Haemophilus (interacts with) Granulicatella"
"1565","1565","1.09472334636104","1.12406015","1","interacts with","Haemophilus (interacts with) Gemella","false","interacts with","Haemophilus (interacts with) Gemella"
"1566","1566","1.45664009263722","1.16666667","1","interacts with","Haemophilus (interacts with) Fusobacterium","false","interacts with","Haemophilus (interacts with) Fusobacterium"
"1567","1567","0.8088956660626879","1.11437908","1","interacts with","Haemophilus (interacts with) Actinomyces","false","interacts with","Haemophilus (interacts with) Actinomyces"
"1568","1568","1.06872611598416","1.18511021","1","interacts with","Haemophilus (interacts with) Actinobacillus","false","interacts with","Haemophilus (interacts with) Actinobacillus"
"1569","1569","-0.248480274761022","1.27132353","-1","interacts with","Granulicatella (interacts with) PIV3","false","interacts with","Granulicatella (interacts with) PIV3"
"1570","1570","3.76834239315291","1.30465686","1","interacts with","Granulicatella (interacts with) unidentified","false","interacts with","Granulicatella (interacts with) unidentified"
"1571","1571","1.47350768084547","1.64403595","1","interacts with","Granulicatella (interacts with) Saccharomyces","false","interacts with","Granulicatella (interacts with) Saccharomyces"
"1572","1572","-1.24025251122864","1.1879902","-1","interacts with","Granulicatella (interacts with) Cryptococcus","false","interacts with","Granulicatella (interacts with) Cryptococcus"
"1573","1573","2.24921046140242","1.43824082","1","interacts with","Granulicatella (interacts with) Candida","false","interacts with","Granulicatella (interacts with) Candida"
"1574","1574","-1.66226626086373","1.25465686","-1","interacts with","Granulicatella (interacts with) Pseudomonas","false","interacts with","Granulicatella (interacts with) Pseudomonas"
"1575","1575","8.03928357786645","1.25465686","1","interacts with","Granulicatella (interacts with) Veillonella","false","interacts with","Granulicatella (interacts with) Veillonella"
"1576","1576","5.51962071932373","1.39062178","1","interacts with","Granulicatella (interacts with) Streptococcus","false","interacts with","Granulicatella (interacts with) Streptococcus"
"1577","1577","8.86922112089846","1.38560924","1","interacts with","Granulicatella (interacts with) Rothia","false","interacts with","Granulicatella (interacts with) Rothia"
"1578","1578","8.214272807534291","1.32132353","1","interacts with","Granulicatella (interacts with) Prevotella","false","interacts with","Granulicatella (interacts with) Prevotella"
"1579","1579","6.69641946730122","1.33014706","1","interacts with","Granulicatella (interacts with) Porphyromonas","false","interacts with","Granulicatella (interacts with) Porphyromonas"
"1580","1580","8.49177173011023","1.25465686","1","interacts with","Granulicatella (interacts with) Neisseria","false","interacts with","Granulicatella (interacts with) Neisseria"
"1581","1581","9.340009555485189","1.25465686","1","interacts with","Granulicatella (interacts with) Leptotrichia","false","interacts with","Granulicatella (interacts with) Leptotrichia"
"1582","1582","2.6095320657628798","1.39354575","1","interacts with","Granulicatella (interacts with) Haemophilus","false","interacts with","Granulicatella (interacts with) Haemophilus"
"1583","1583","19.6287584616013","1.38645511","1","interacts with","Granulicatella (interacts with) Gemella","false","interacts with","Granulicatella (interacts with) Gemella"
"1584","1584","6.75653138197829","1.33472222","1","interacts with","Granulicatella (interacts with) Fusobacterium","false","interacts with","Granulicatella (interacts with) Fusobacterium"
"1585","1585","10.1587514017841","1.2754902","1","interacts with","Granulicatella (interacts with) Actinomyces","false","interacts with","Granulicatella (interacts with) Actinomyces"
"1586","1586","3.0714465378683706","1.44617733","1","interacts with","Granulicatella (interacts with) Actinobacillus","false","interacts with","Granulicatella (interacts with) Actinobacillus"
"1587","1587","-1.89453383725134","1.72685319","-1","interacts with","Gemella (interacts with) RV","false","interacts with","Gemella (interacts with) RV"
"1588","1588","0.7593948379756351","1.11513158","1","interacts with","Gemella (interacts with) PIV3","false","interacts with","Gemella (interacts with) PIV3"
"1589","1589","3.4584252427838997","1.31348323","1","interacts with","Gemella (interacts with) unidentified","false","interacts with","Gemella (interacts with) unidentified"
"1590","1590","3.10802159367511","1.44895511","1","interacts with","Gemella (interacts with) Penicillium","false","interacts with","Gemella (interacts with) Penicillium"
"1591","1591","-0.672003601526157","1.32598323","-1","interacts with","Gemella (interacts with) Cryptococcus","false","interacts with","Gemella (interacts with) Cryptococcus"
"1592","1592","3.92355093890944","1.43596491","1","interacts with","Gemella (interacts with) Aspergillus","false","interacts with","Gemella (interacts with) Aspergillus"
"1593","1593","-0.7069909409763899","1.25798872","-1","interacts with","Gemella (interacts with) Pseudomonas","false","interacts with","Gemella (interacts with) Pseudomonas"
"1594","1594","1.54395753149435","1.43427257","1","interacts with","Gemella (interacts with) Klebsiella","false","interacts with","Gemella (interacts with) Klebsiella"
"1595","1595","5.0507981235222195","1.26348323","1","interacts with","Gemella (interacts with) Veillonella","false","interacts with","Gemella (interacts with) Veillonella"
"1596","1596","15.6652072286746","1.23919173","1","interacts with","Gemella (interacts with) Streptococcus","false","interacts with","Gemella (interacts with) Streptococcus"
"1597","1597","7.83309834387371","1.13392857","1","interacts with","Gemella (interacts with) Rothia","false","interacts with","Gemella (interacts with) Rothia"
"1598","1598","4.53091210573058","1.29906015","1","interacts with","Gemella (interacts with) Prevotella","false","interacts with","Gemella (interacts with) Prevotella"
"1599","1599","8.94338742655114","1.18656015","1","interacts with","Gemella (interacts with) Porphyromonas","false","interacts with","Gemella (interacts with) Porphyromonas"
"1600","1600","19.246943323575","1.25798872","1","interacts with","Gemella (interacts with) Neisseria","false","interacts with","Gemella (interacts with) Neisseria"
"1601","1601","8.696408707108361","1.25798872","1","interacts with","Gemella (interacts with) Leptotrichia","false","interacts with","Gemella (interacts with) Leptotrichia"
"1602","1602","1.09472334636104","1.12406015","1","interacts with","Gemella (interacts with) Haemophilus","false","interacts with","Gemella (interacts with) Haemophilus"
"1603","1603","19.6287584616013","1.38645511","1","interacts with","Gemella (interacts with) Granulicatella","false","interacts with","Gemella (interacts with) Granulicatella"
"1604","1604","7.0726544759544305","1.29767126","1","interacts with","Gemella (interacts with) Fusobacterium","false","interacts with","Gemella (interacts with) Fusobacterium"
"1605","1605","7.72659467779933","1.24538368","1","interacts with","Gemella (interacts with) Actinomyces","false","interacts with","Gemella (interacts with) Actinomyces"
"1606","1606","15.3211273435757","1.16081871","1","interacts with","Gemella (interacts with) Actinobacillus","false","interacts with","Gemella (interacts with) Actinobacillus"
"1607","1607","-1.4370435263266","1.82283272","-1","interacts with","Fusobacterium (interacts with) RV","false","interacts with","Fusobacterium (interacts with) RV"
"1608","1608","0.6058141204071171","1.17361111","1","interacts with","Fusobacterium (interacts with) PIV3","false","interacts with","Fusobacterium (interacts with) PIV3"
"1609","1609","4.15436136180426","1.23803419","1","interacts with","Fusobacterium (interacts with) unidentified","false","interacts with","Fusobacterium (interacts with) unidentified"
"1610","1610","2.8634208953999103","1.29493464","1","interacts with","Fusobacterium (interacts with) Saccharomyces","false","interacts with","Fusobacterium (interacts with) Saccharomyces"
"1611","1611","0.522308484862877","1.3996355","1","interacts with","Fusobacterium (interacts with) Penicillium","false","interacts with","Fusobacterium (interacts with) Penicillium"
"1612","1612","-1.88006084335759","1.25053419","-1","interacts with","Fusobacterium (interacts with) Cryptococcus","false","interacts with","Fusobacterium (interacts with) Cryptococcus"
"1613","1613","4.86359081178624","1.21136174","1","interacts with","Fusobacterium (interacts with) Candida","false","interacts with","Fusobacterium (interacts with) Candida"
"1614","1614","2.11802217633153","1.39305556","1","interacts with","Fusobacterium (interacts with) Aspergillus","false","interacts with","Fusobacterium (interacts with) Aspergillus"
"1615","1615","-0.8141437850852679","1.18253968","-1","interacts with","Fusobacterium (interacts with) Pseudomonas","false","interacts with","Fusobacterium (interacts with) Pseudomonas"
"1616","1616","-0.8148974287815759","1.5164072","-1","interacts with","Fusobacterium (interacts with) Moraxella","false","interacts with","Fusobacterium (interacts with) Moraxella"
"1617","1617","7.74669978149449","1.31303419","1","interacts with","Fusobacterium (interacts with) Veillonella","false","interacts with","Fusobacterium (interacts with) Veillonella"
"1618","1618","1.9342743468753","1.05555556","1","interacts with","Fusobacterium (interacts with) Streptococcus","false","interacts with","Fusobacterium (interacts with) Streptococcus"
"1619","1619","4.602798461129099","1.15873016","1","interacts with","Fusobacterium (interacts with) Rothia","false","interacts with","Fusobacterium (interacts with) Rothia"
"1620","1620","17.2637977812338","1.22361111","1","interacts with","Fusobacterium (interacts with) Prevotella","false","interacts with","Fusobacterium (interacts with) Prevotella"
"1621","1621","31.9186294202498","1.23243464","1","interacts with","Fusobacterium (interacts with) Porphyromonas","false","interacts with","Fusobacterium (interacts with) Porphyromonas"
"1622","1622","7.600875498380259","1.18253968","1","interacts with","Fusobacterium (interacts with) Neisseria","false","interacts with","Fusobacterium (interacts with) Neisseria"
"1623","1623","12.3507593453995","1.18253968","1","interacts with","Fusobacterium (interacts with) Leptotrichia","false","interacts with","Fusobacterium (interacts with) Leptotrichia"
"1624","1624","1.45664009263722","1.16666667","1","interacts with","Fusobacterium (interacts with) Haemophilus","false","interacts with","Fusobacterium (interacts with) Haemophilus"
"1625","1625","6.75653138197829","1.33472222","1","interacts with","Fusobacterium (interacts with) Granulicatella","false","interacts with","Fusobacterium (interacts with) Granulicatella"
"1626","1626","7.0726544759544305","1.29767126","1","interacts with","Fusobacterium (interacts with) Gemella","false","interacts with","Fusobacterium (interacts with) Gemella"
"1627","1627","9.843909319272749","1.16993464","1","interacts with","Fusobacterium (interacts with) Actinomyces","false","interacts with","Fusobacterium (interacts with) Actinomyces"
"1628","1628","1.7245125065229898","1.62838828","1","interacts with","Actinomyces (interacts with) RV","false","interacts with","Actinomyces (interacts with) RV"
"1629","1629","-2.31601940996436","1.12132353","-1","interacts with","Actinomyces (interacts with) PIV3","false","interacts with","Actinomyces (interacts with) PIV3"
"1630","1630","4.2834494975051305","1.18574661","1","interacts with","Actinomyces (interacts with) unidentified","false","interacts with","Actinomyces (interacts with) unidentified"
"1631","1631","5.47736879150253","1.36486928","1","interacts with","Actinomyces (interacts with) Saccharomyces","false","interacts with","Actinomyces (interacts with) Saccharomyces"
"1632","1632","-0.247068478021993","1.19824661","-1","interacts with","Actinomyces (interacts with) Cryptococcus","false","interacts with","Actinomyces (interacts with) Cryptococcus"
"1633","1633","1.27963365849273","1.15907416","1","interacts with","Actinomyces (interacts with) Candida","false","interacts with","Actinomyces (interacts with) Candida"
"1634","1634","4.32519561469325","1.4629902","1","interacts with","Actinomyces (interacts with) Aspergillus","false","interacts with","Actinomyces (interacts with) Aspergillus"
"1635","1635","-0.23944979336620004","1.1302521","-1","interacts with","Actinomyces (interacts with) Pseudomonas","false","interacts with","Actinomyces (interacts with) Pseudomonas"
"1636","1636","-1.45429190065898","1.46085165","-1","interacts with","Actinomyces (interacts with) Moraxella","false","interacts with","Actinomyces (interacts with) Moraxella"
"1637","1637","-0.475075644064527","1.18104575","-1","interacts with","Actinomyces (interacts with) Klebsiella","false","interacts with","Actinomyces (interacts with) Klebsiella"
"1638","1638","19.733737865379396","1.13942308","1","interacts with","Actinomyces (interacts with) Veillonella","false","interacts with","Actinomyces (interacts with) Veillonella"
"1639","1639","8.9817933310177","1.11145511","1","interacts with","Actinomyces (interacts with) Streptococcus","false","interacts with","Actinomyces (interacts with) Streptococcus"
"1640","1640","14.9641603914692","1.10644258","1","interacts with","Actinomyces (interacts with) Rothia","false","interacts with","Actinomyces (interacts with) Rothia"
"1641","1641","36.799281882623205","1.17132353","1","interacts with","Actinomyces (interacts with) Prevotella","false","interacts with","Actinomyces (interacts with) Prevotella"
"1642","1642","8.568571315703451","1.18014706","1","interacts with","Actinomyces (interacts with) Porphyromonas","false","interacts with","Actinomyces (interacts with) Porphyromonas"
"1643","1643","6.9023147149420705","1.1302521","1","interacts with","Actinomyces (interacts with) Neisseria","false","interacts with","Actinomyces (interacts with) Neisseria"
"1644","1644","14.788830219163302","1.1302521","1","interacts with","Actinomyces (interacts with) Leptotrichia","false","interacts with","Actinomyces (interacts with) Leptotrichia"
"1645","1645","0.8088956660626879","1.11437908","1","interacts with","Actinomyces (interacts with) Haemophilus","false","interacts with","Actinomyces (interacts with) Haemophilus"
"1646","1646","10.1587514017841","1.2754902","1","interacts with","Actinomyces (interacts with) Granulicatella","false","interacts with","Actinomyces (interacts with) Granulicatella"
"1647","1647","7.72659467779933","1.24538368","1","interacts with","Actinomyces (interacts with) Gemella","false","interacts with","Actinomyces (interacts with) Gemella"
"1648","1648","9.843909319272749","1.16993464","1","interacts with","Actinomyces (interacts with) Fusobacterium","false","interacts with","Actinomyces (interacts with) Fusobacterium"
"1649","1649","2.61719380872108","1.31060041","1","interacts with","Actinomyces (interacts with) Actinobacillus","false","interacts with","Actinomyces (interacts with) Actinobacillus"
"1650","1650","10.0738966369667","1.78657541","1","interacts with","Actinobacillus (interacts with) RV","false","interacts with","Actinobacillus (interacts with) RV"
"1651","1651","-0.229040705745871","1.1748538","-1","interacts with","Actinobacillus (interacts with) PIV3","false","interacts with","Actinobacillus (interacts with) PIV3"
"1652","1652","1.99217072468754","1.37869996","1","interacts with","Actinobacillus (interacts with) unidentified","false","interacts with","Actinobacillus (interacts with) unidentified"
"1653","1653","4.34330794737836","1.50867733","1","interacts with","Actinobacillus (interacts with) Penicillium","false","interacts with","Actinobacillus (interacts with) Penicillium"
"1654","1654","-0.839231441622359","1.39119996","-1","interacts with","Actinobacillus (interacts with) Cryptococcus","false","interacts with","Actinobacillus (interacts with) Cryptococcus"
"1655","1655","0.15012551508220198","1.3520275","1","interacts with","Actinobacillus (interacts with) Candida","false","interacts with","Actinobacillus (interacts with) Candida"
"1656","1656","3.15710794844961","1.49568713","1","interacts with","Actinobacillus (interacts with) Aspergillus","false","interacts with","Actinobacillus (interacts with) Aspergillus"
"1657","1657","0.174818475290536","1.32320545","1","interacts with","Actinobacillus (interacts with) Pseudomonas","false","interacts with","Actinobacillus (interacts with) Pseudomonas"
"1658","1658","2.78229618638708","1.38837819","1","interacts with","Actinobacillus (interacts with) Klebsiella","false","interacts with","Actinobacillus (interacts with) Klebsiella"
"1659","1659","1.3831479309244499","1.32453329","1","interacts with","Actinobacillus (interacts with) Veillonella","false","interacts with","Actinobacillus (interacts with) Veillonella"
"1660","1660","4.00975303477803","1.29939593","1","interacts with","Actinobacillus (interacts with) Rothia","false","interacts with","Actinobacillus (interacts with) Rothia"
"1661","1661","2.42992784249142","1.36427688","1","interacts with","Actinobacillus (interacts with) Prevotella","false","interacts with","Actinobacillus (interacts with) Prevotella"
"1662","1662","5.1820422252981695","1.24761021","1","interacts with","Actinobacillus (interacts with) Porphyromonas","false","interacts with","Actinobacillus (interacts with) Porphyromonas"
"1663","1663","5.32810186456346","1.32320545","1","interacts with","Actinobacillus (interacts with) Neisseria","false","interacts with","Actinobacillus (interacts with) Neisseria"
"1664","1664","4.406397806234129","1.32320545","1","interacts with","Actinobacillus (interacts with) Leptotrichia","false","interacts with","Actinobacillus (interacts with) Leptotrichia"
"1665","1665","1.06872611598416","1.18511021","1","interacts with","Actinobacillus (interacts with) Haemophilus","false","interacts with","Actinobacillus (interacts with) Haemophilus"
"1666","1666","3.0714465378683706","1.44617733","1","interacts with","Actinobacillus (interacts with) Granulicatella","false","interacts with","Actinobacillus (interacts with) Granulicatella"
"1667","1667","15.3211273435757","1.16081871","1","interacts with","Actinobacillus (interacts with) Gemella","false","interacts with","Actinobacillus (interacts with) Gemella"
"1668","1668","2.61719380872108","1.31060041","1","interacts with","Actinobacillus (interacts with) Actinomyces","false","interacts with","Actinobacillus (interacts with) Actinomyces"
